name,Email,Phone,Credit Card Network,Credit Card Number,Address,Date of Birth
Skipton McRavey@,smcravey0@123-reg.co.uk,(+57) 320 432 05 09,jcb,3536837385747532,PO Box 36739,Junio 18 2023
Kippar Renney,krenney1@spiegel.de,(+57) 320 432 05 10,switch,5641828913745012,Room 1404,2022-08-12
Allyson Grima,agrima2@rediff.com,(+57) 320 432 05 11,visa,4009741807559804,,2022-07-29
Mindy Diament,mdiament3@theatlantic.com,(+57) 320 432 05 12,visa,4214631319970,5th Floor,2023-04-06
Cordy Hallas,challas4@oracle.com,(+57) 320 432 05 13,jcb,3580806908441423,PO Box 58864,2022-06-08
Jehanna Mee,jmee5@meetup.com,(+57) 320 432 05 14,visa-electron,4917073492369393,Apt 281,2022-05-30
Constancia O'Gready,cogready6@diigo.com,(+57) 320 432 05 15,jcb,3538099695495397,14th Floor,2022-07-30
Lucian Wathan,lwathan7@netvibes.com,(+57) 320 432 05 16,visa-electron,4844160908631066,Room 18,2022-10-18
Maible Goodhay,mgoodhay8@webnode.com,(+57) 320 432 05 17,mastercard,5479611498402796,Room 1996,2022-05-03
Ignacio Shallcross,mgoodhay8@webnode.com,(+57) 320 432 05 18,jcb,3528110882932043,Suite 64,2023-03-23
