name,Date of Birth,Phone,Address,Credit Card Number,Credit Card Network,Email
Flor Elecum,2022-10-22,(+57) 320 432 05 09,PO Box 84497,6.7629637925871E+017,maestro,felecum0@hostgator.com
Yardley Rickeard,2022-06-05,(+57) 320 432 05 10,Apt 1617,6.30453827648466E+017,maestro,yrickeard1@scribd.com
Park Wallenger,2022-06-07,(+57) 320 432 05 11,PO Box 12783,4913647492269366,visa-electron,pwallenger2@omniture.com
Wittie Grece,2022-06-17,(+57) 320 432 05 12,5th Floor,5213410200711011,mastercard,wgrece3@ucoz.com
Pinchas Lygoe,2022-07-05,(+57) 320 432 05 13,7th Floor,3570194295123884,jcb,plygoe4@who.int
Jocelin Atty,2022-07-08,(+57) 320 432 05 14,5th Floor,4041597328194,visa,jatty5@ed.gov
Robena Kerwood,2022-07-01,(+57) 320 432 05 15,Suite 58,201557535632828,diners-club-enroute,rkerwood6@ovh.net
Tamarra Boules,2023-04-08,(+57) 320 432 05 16,PO Box 50853,3576720006665815,jcb,tboules7@kickstarter.com
Noami Smithson,2023-01-23,(+57) 320 432 05 17,PO Box 49487,6.77126492122857E+016,laser,nsmithson8@timesonline.co.uk
Aggi Wimms,2022-07-21,(+57) 320 432 05 18,6th Floor,3585745845128534,jcb,awimms9@mediafire.com
Fraze Lenham,2022-09-09,(+57) 320 432 05 19,PO Box 41194,3551455824942646,jcb,flenhama@hc360.com
Alphonso Matczak,2022-11-10,(+57) 320 432 05 20,Room 1874,4026199761051301,visa-electron,amatczakb@ox.ac.uk
Leisha Wabe,2023-01-31,(+57) 320 432 05 21,Suite 36,3565127981741004,jcb,lwabec@netvibes.com
Heall Dunstall,2023-01-04,(+57) 320 432 05 22,Apt 35,3546732553231724,jcb,hdunstalld@sohu.com
Iosep De La Hay,2022-08-31,(+57) 320 432 05 23,PO Box 35233,3573577852756020,jcb,idee@blogtalkradio.com
Georgena Pozzo,2022-07-18,(+57) 320 432 05 24,Apt 599,3568639953127571,jcb,gpozzof@nih.gov
Alayne Vasilyonok,2022-10-24,(+57) 320 432 05 25,PO Box 36549,3535615744533905,jcb,avasilyonokg@xinhuanet.com
Wheeler Linay,2023-04-19,(+57) 320 432 05 26,Apt 1173,6.75940922149877E+018,maestro,wlinayh@simplemachines.org
Korrie Ansill,2022-05-18,(+57) 320 432 05 27,Room 1520,4508422906034900,visa-electron,kansilli@weather.com
Tim Carnegy,2023-03-04,(+57) 320 432 05 28,Apt 849,5.60223315404804E+018,china-unionpay,tcarnegyj@usa.gov
Delainey Karlsson,2022-07-26,(+57) 320 432 05 29,Suite 68,4405938564997942,visa-electron,dkarlssonk@dropbox.com
Micky Drew-Clifton,2023-03-17,(+57) 320 432 05 30,PO Box 73863,5007664095721069,mastercard,mdrewcliftonl@opera.com
Karrie Phifer,2022-05-07,(+57) 320 432 05 31,PO Box 55967,6759328173254603,switch,kphiferm@techcrunch.com
Jamaal Hakewell,2023-04-21,(+57) 320 432 05 32,Apt 350,3587450384309847,jcb,jhakewelln@ftc.gov
Jack Masey,2022-09-16,(+57) 320 432 05 33,Apt 411,3553049972094355,jcb,jmaseyo@amazon.co.jp
Kanya Gregoire,2022-10-17,(+57) 320 432 05 34,Room 972,3564828279374124,jcb,kgregoirep@businessinsider.com
Alvira Bezley,2022-08-18,(+57) 320 432 05 35,Room 931,3541697375389247,jcb,abezleyq@cnet.com
Corny Latey,2022-11-21,(+57) 320 432 05 36,PO Box 1151,4917137107226262,visa-electron,clateyr@skyrock.com
Pia Mulcahy,2022-12-21,(+57) 320 432 05 37,Room 1875,3545193513264431,jcb,pmulcahys@jimdo.com
Enriqueta Radley,2022-05-21,(+57) 320 432 05 38,Apt 145,30188549757497,diners-club-carte-blanche,eradleyt@hatena.ne.jp
Bambie Hurring,2022-07-07,(+57) 320 432 05 39,Apt 881,3555218611372112,jcb,bhurringu@merriam-webster.com
Abbi Philpot,2022-08-22,(+57) 320 432 05 40,Apt 1080,3543602282362129,jcb,aphilpotv@springer.com
Emmett Spinney,2022-09-18,(+57) 320 432 05 41,Suite 11,5.89323673036667E+017,maestro,espinneyw@dyndns.org
Modesty Sheffield,2022-09-28,(+57) 320 432 05 42,Room 766,5193753261279962,mastercard,msheffieldx@scientificamerican.com
Janine Bummfrey,2022-08-08,(+57) 320 432 05 43,Suite 76,3538261905421072,jcb,jbummfreyy@wired.com
Charlie Jovasevic,2023-02-07,(+57) 320 432 05 44,Apt 1836,3566151868449035,jcb,cjovasevicz@scribd.com
Melisa Rosson,2023-02-09,(+57) 320 432 05 45,11th Floor,3550332158153382,jcb,mrosson10@house.gov
Amity Tippler,2023-02-17,(+57) 320 432 05 46,Suite 7,3549306706234476,jcb,atippler11@omniture.com
Brigida Birrane,2022-07-04,(+57) 320 432 05 47,Apt 1576,3563135056951723,jcb,bbirrane12@cargocollective.com
Marysa MacAlester,2022-11-10,(+57) 320 432 05 48,18th Floor,5.61091651710337E+017,china-unionpay,mmacalester13@blog.com
Alex Hankard,2022-11-26,(+57) 320 432 05 49,Apt 169,6.33361412599804E+018,switch,ahankard14@guardian.co.uk
Lynett Dinsell,2022-06-07,(+57) 320 432 05 50,Suite 86,604937759761995,maestro,ldinsell15@nytimes.com
Wilt Stubbes,2022-09-05,(+57) 320 432 05 51,7th Floor,201689062933624,diners-club-enroute,wstubbes16@elegantthemes.com
Melinde Graham,2022-12-06,(+57) 320 432 05 52,Suite 75,5602216557736017,china-unionpay,mgraham17@sun.com
Terrell Cameron,2023-04-20,(+57) 320 432 05 53,Room 1038,5264823643104487,mastercard,tcameron18@aol.com
Avrom Ipsley,2023-02-24,(+57) 320 432 05 54,PO Box 1733,5.6022205943616E+016,china-unionpay,aipsley19@google.es
Rosy Cheke,2022-10-25,(+57) 320 432 05 55,Room 811,4917831101184838,visa-electron,rcheke1a@usatoday.com
Vonnie Jukubczak,2023-03-24,(+57) 320 432 05 56,Room 728,5389073805599922,mastercard,vjukubczak1b@lycos.com
Twila Viel,2022-09-07,(+57) 320 432 05 57,PO Box 61875,6.76797277705053E+018,solo,tviel1c@ebay.com
Crystie Wolver,2022-11-19,(+57) 320 432 05 58,Apt 1369,6397389503190444,instapayment,cwolver1d@java.com
Francine Segeswoeth,2022-12-24,(+57) 320 432 05 59,18th Floor,3575064206483047,jcb,fsegeswoeth1e@telegraph.co.uk
Lilith Middle,2022-08-09,(+57) 320 432 05 60,Room 1885,337941173459651,americanexpress,lmiddle1f@google.com.hk
Clayborn Neary,2022-08-21,(+57) 320 432 05 61,Apt 613,3541733706201700,jcb,cneary1g@instagram.com
Antonetta Cadle,2022-12-19,(+57) 320 432 05 62,1st Floor,4111790966754768,visa,acadle1h@livejournal.com
Ranee Plewright,2023-04-19,(+57) 320 432 05 63,Room 1372,5602228773013154,china-unionpay,rplewright1i@apple.com
Miltie Garvagh,2023-03-21,(+57) 320 432 05 64,6th Floor,3572269010553579,jcb,mgarvagh1j@dion.ne.jp
Tisha Verman,2023-02-06,(+57) 320 432 05 65,Suite 20,3583950064673416,jcb,tverman1k@mayoclinic.com
Lanna Esgate,2022-05-06,(+57) 320 432 05 66,Suite 95,5007663641784969,mastercard,lesgate1l@sitemeter.com
Henriette Pepperell,2022-07-06,(+57) 320 432 05 67,PO Box 91462,3546006313352108,jcb,hpepperell1m@digg.com
Avrom Salan,2023-01-02,(+57) 320 432 05 68,16th Floor,36557879781349,diners-club-international,asalan1n@telegraph.co.uk
Ferrel Maryan,2022-05-01,(+57) 320 432 05 69,Suite 31,3563636206379897,jcb,fmaryan1o@hc360.com
Ahmad Poulsum,2023-03-29,(+57) 320 432 05 70,Room 1518,4026587585071200,visa-electron,apoulsum1p@sciencedirect.com
Carlynne Teffrey,2023-02-25,(+57) 320 432 05 71,PO Box 60243,3542010508863360,jcb,cteffrey1q@mediafire.com
Marve Flawn,2022-05-07,(+57) 320 432 05 72,Room 696,5.60222267935131E+018,china-unionpay,mflawn1r@list-manage.com
Reggy Medford,2023-04-17,(+57) 320 432 05 73,Suite 28,5267582995898602,mastercard,rmedford1s@addtoany.com
Tracey Illsley,2022-11-30,(+57) 320 432 05 74,PO Box 70308,3537858985800785,jcb,tillsley1t@wisc.edu
Gawen Paris,2022-11-23,(+57) 320 432 05 75,PO Box 91786,201994576331517,diners-club-enroute,gparis1u@gravatar.com
Molly Epple,2022-11-19,(+57) 320 432 05 76,Apt 18,6385320191269202,instapayment,mepple1v@spotify.com
Morganica Northeast,2023-02-27,(+57) 320 432 05 77,Room 793,5007661226202506,mastercard,mnortheast1w@cbslocal.com
Ariel Drewet,2022-07-28,(+57) 320 432 05 78,Apt 1799,372301342553379,americanexpress,adrewet1x@studiopress.com
Codee Windsor,2022-08-10,(+57) 320 432 05 79,Apt 1457,3550478528325836,jcb,cwindsor1y@state.tx.us
Stefania Hyland,2023-04-17,(+57) 320 432 05 80,PO Box 90477,5.60222343390836E+018,china-unionpay,shyland1z@e-recht24.de
Mureil Millen,2023-04-03,(+57) 320 432 05 81,13th Floor,4041379024305774,visa,mmillen20@yolasite.com
Bethanne Clavey,2022-08-21,(+57) 320 432 05 82,Apt 145,4.90345927804699E+017,switch,bclavey21@furl.net
Faith Blanking,2022-08-24,(+57) 320 432 05 83,6th Floor,4913980509128816,visa-electron,fblanking22@earthlink.net
Rickey Dearnly,2023-03-10,(+57) 320 432 05 84,Suite 84,3535440106816859,jcb,rdearnly23@boston.com
Katharyn Jardin,2023-01-14,(+57) 320 432 05 85,Apt 1527,4.93617565311323E+018,switch,kjardin24@creativecommons.org
Rafa Gallaway,2022-07-22,(+57) 320 432 05 86,Apt 75,3577238414256514,jcb,rgallaway25@jiathis.com
Thelma Spellar,2022-05-05,(+57) 320 432 05 87,PO Box 10823,5402962837661374,mastercard,tspellar26@nhs.uk
Leshia MacGibbon,2022-07-03,(+57) 320 432 05 88,Room 77,5602248426901266,bankcard,lmacgibbon27@chicagotribune.com
Richie Orring,2023-02-19,(+57) 320 432 05 89,Room 152,5602216835985790,bankcard,rorring28@newsvine.com
Ram McCalister,2023-03-16,(+57) 320 432 05 90,Apt 634,3578502736110520,jcb,rmccalister29@icq.com
Mitchell Hassewell,2022-05-18,(+57) 320 432 05 91,Apt 1445,5.60225703748489E+018,china-unionpay,mhassewell2a@statcounter.com
Natividad Langabeer,2022-04-22,(+57) 320 432 05 92,6th Floor,6.3046618905646E+016,laser,nlangabeer2b@e-recht24.de
Saba Piwall,2022-08-12,(+57) 320 432 05 93,PO Box 83740,30431755414381,diners-club-carte-blanche,spiwall2c@ed.gov
Mike Havik,2022-05-29,(+57) 320 432 05 94,Suite 12,3539139483297776,jcb,mhavik2d@time.com
Ada Beed,2022-10-17,(+57) 320 432 05 95,Room 1692,30249741092800,diners-club-carte-blanche,abeed2e@ezinearticles.com
Lyndsie Vinau,2022-06-18,(+57) 320 432 05 96,Suite 98,3545767490357654,jcb,lvinau2f@jigsy.com
Hildegarde Vaissiere,2022-08-10,(+57) 320 432 05 97,PO Box 52668,4917960531695764,visa-electron,hvaissiere2g@liveinternet.ru
Kelsey Wickins,2022-10-27,(+57) 320 432 05 98,6th Floor,3542766217762645,jcb,kwickins2h@princeton.edu
Elvera Yeldham,2023-03-25,(+57) 320 432 05 99,Room 1463,5100132521927987,mastercard,eyeldham2i@goo.gl
Merrilee Weedall,2023-02-04,(+57) 320 432 05 100,PO Box 1889,3532084019251110,jcb,mweedall2j@squidoo.com
Jaquelin Cranage,2022-12-30,(+57) 320 432 05 101,PO Box 99788,377646148975761,americanexpress,jcranage2k@opensource.org
Stevana Casaletto,2022-11-08,(+57) 320 432 05 102,PO Box 5491,5048378728431209,mastercard,scasaletto2l@over-blog.com
Brigitte Goscar,2022-10-23,(+57) 320 432 05 103,Apt 1982,3530856263843227,jcb,bgoscar2m@mlb.com
Baird Reast,2023-02-24,(+57) 320 432 05 104,Suite 32,374622109317718,americanexpress,breast2n@tripod.com
Paddy Swine,2023-03-08,(+57) 320 432 05 105,Suite 72,3576730022309645,jcb,pswine2o@soundcloud.com
Zandra Shireff,2023-03-13,(+57) 320 432 05 106,Room 758,4913336036345672,visa-electron,zshireff2p@deliciousdays.com
Georgeanna Tresler,2023-01-21,(+57) 320 432 05 107,Room 1337,3565331444390587,jcb,gtresler2q@etsy.com
Geoff Egglestone,2022-12-16,(+57) 320 432 05 108,19th Floor,4175008165338686,visa-electron,gegglestone2r@cbc.ca
Gus Naile,2022-06-16,(+57) 320 432 05 109,Room 1147,3530237019610196,jcb,gnaile2s@techcrunch.com
Drud Whittek,2022-07-23,(+57) 320 432 05 110,Apt 1760,30597083622638,diners-club-carte-blanche,dwhittek2t@twitter.com
Chelsae Pretsel,2023-02-15,(+57) 320 432 05 111,17th Floor,3548179165085825,jcb,cpretsel2u@archive.org
Timmy Kay,2022-11-23,(+57) 320 432 05 112,Room 401,4405029723458412,visa-electron,tkay2v@dion.ne.jp
Maryann Beckingham,2022-06-15,(+57) 320 432 05 113,Apt 1748,5007664963765339,mastercard,mbeckingham2w@blogs.com
Wallas Cridland,2023-03-03,(+57) 320 432 05 114,PO Box 47326,3569978858188976,jcb,wcridland2x@opensource.org
Arlen Chopping,2023-02-25,(+57) 320 432 05 115,PO Box 89608,3535887109200772,jcb,achopping2y@desdev.cn
Reginald Sessuns,2022-07-06,(+57) 320 432 05 116,Suite 28,5100177295120541,mastercard,rsessuns2z@sitemeter.com
Saba Rulf,2023-02-23,(+57) 320 432 05 117,Room 1935,3566317737370518,jcb,srulf30@lycos.com
Jsandye Turbat,2022-10-19,(+57) 320 432 05 118,Suite 81,5610485341397663,bankcard,jturbat31@goodreads.com
Keri Leven,2022-10-14,(+57) 320 432 05 119,Apt 1167,3547069799238596,jcb,kleven32@imageshack.us
Jada McCaghan,2022-08-08,(+57) 320 432 05 120,Suite 72,6759283246922290,switch,jmccaghan33@behance.net
Gabriele Vasic,2022-06-22,(+57) 320 432 05 121,Suite 6,3548365582998787,jcb,gvasic34@skype.com
Locke Ireland,2023-01-29,(+57) 320 432 05 122,Room 467,3583121081356019,jcb,lireland35@chicagotribune.com
Joey Jevons,2022-12-11,(+57) 320 432 05 123,11th Floor,6.76788202262153E+018,solo,jjevons36@fc2.com
Joella Guillou,2022-09-23,(+57) 320 432 05 124,7th Floor,201696131091219,diners-club-enroute,jguillou37@mediafire.com
Mick Willox,2022-10-03,(+57) 320 432 05 125,Suite 47,3536405157929348,jcb,mwillox38@answers.com
Roxana Brownett,2023-01-25,(+57) 320 432 05 126,Apt 822,3540610520201291,jcb,rbrownett39@is.gd
Stephana Suggitt,2023-02-13,(+57) 320 432 05 127,Room 1411,6.0471235914143E+017,maestro,ssuggitt3a@photobucket.com
Tomasine Gatchel,2022-12-04,(+57) 320 432 05 128,Apt 1086,5602251459836334,bankcard,tgatchel3b@1und1.de
Bradford Skells,2022-11-27,(+57) 320 432 05 129,Suite 79,5100171986003082,mastercard,bskells3c@4shared.com
Cherish Pirie,2022-07-21,(+57) 320 432 05 130,Room 1458,201472225804820,diners-club-enroute,cpirie3d@usa.gov
Heall Wadeson,2023-03-16,(+57) 320 432 05 131,PO Box 59266,3558891544959176,jcb,hwadeson3e@prlog.org
Idaline Marrian,2022-09-20,(+57) 320 432 05 132,Apt 1870,6709641850202450,laser,imarrian3f@chron.com
Jeffrey Poulglais,2022-11-08,(+57) 320 432 05 133,Apt 337,3568026051561671,jcb,jpoulglais3g@ebay.co.uk
Eliot Matherson,2023-04-20,(+57) 320 432 05 134,Suite 44,3569482324102562,jcb,ematherson3h@economist.com
Lavina Slocket,2022-11-05,(+57) 320 432 05 135,PO Box 27461,3539527930344680,jcb,lslocket3i@parallels.com
Maddalena Carlisso,2022-11-21,(+57) 320 432 05 136,PO Box 88348,3574928069177444,jcb,mcarlisso3j@baidu.com
Talyah Hansill,2022-08-04,(+57) 320 432 05 137,Apt 1235,3552921964206505,jcb,thansill3k@digg.com
Maggie Galland,2022-12-31,(+57) 320 432 05 138,Suite 1,6387931624234577,instapayment,mgalland3l@gov.uk
Zorana Drayton,2022-06-10,(+57) 320 432 05 139,Room 1610,3589859123132724,jcb,zdrayton3m@delicious.com
Hortense Rainton,2022-07-10,(+57) 320 432 05 140,Room 707,4.91107985063417E+017,switch,hrainton3n@cnbc.com
Tirrell Jaquest,2022-12-21,(+57) 320 432 05 141,PO Box 85538,4017959612364802,visa,tjaquest3o@sakura.ne.jp
Skylar Gieves,2022-05-31,(+57) 320 432 05 142,Suite 55,3576195718725670,jcb,sgieves3p@ifeng.com
Redford Sushams,2023-03-18,(+57) 320 432 05 143,Room 1155,3556360792572265,jcb,rsushams3q@nyu.edu
Lyndy Fairhead,2023-01-04,(+57) 320 432 05 144,PO Box 63968,5602256639463362,bankcard,lfairhead3r@hibu.com
Suzann Gillise,2022-05-16,(+57) 320 432 05 145,PO Box 37678,5238250969794670,mastercard,sgillise3s@prnewswire.com
Melantha Rive,2023-01-18,(+57) 320 432 05 146,11th Floor,340243802632856,americanexpress,mrive3t@zimbio.com
Mortimer Duplain,2022-12-01,(+57) 320 432 05 147,Room 1192,201556443582778,diners-club-enroute,mduplain3u@rambler.ru
Mikkel McClory,2022-05-25,(+57) 320 432 05 148,PO Box 62481,6761456375484730,maestro,mmcclory3v@gnu.org
Leonidas Spadaro,2022-04-22,(+57) 320 432 05 149,Apt 897,370456943329769,americanexpress,lspadaro3w@tmall.com
Remus Zini,2022-08-10,(+57) 320 432 05 150,Suite 37,4.90511987891172E+017,switch,rzini3x@1688.com
Johanna Stanton,2022-11-23,(+57) 320 432 05 151,PO Box 57302,3562756718931166,jcb,jstanton3y@hostgator.com
Brandie Marchenko,2022-12-24,(+57) 320 432 05 152,Room 1297,3588126736705564,jcb,bmarchenko3z@google.es
Cacilie Vannucci,2022-12-04,(+57) 320 432 05 153,Suite 36,3570412707487873,jcb,cvannucci40@myspace.com
Sasha Dodgshun,2022-12-06,(+57) 320 432 05 154,Suite 100,3562031320871329,jcb,sdodgshun41@ovh.net
Early Dacombe,2023-03-21,(+57) 320 432 05 155,Room 404,5010120341001447,mastercard,edacombe42@google.com.br
Saree Clemmitt,2022-09-19,(+57) 320 432 05 156,PO Box 75049,3562922711994623,jcb,sclemmitt43@microsoft.com
Vincenz Trunks,2022-10-29,(+57) 320 432 05 157,Suite 42,3578495641212905,jcb,vtrunks44@yellowbook.com
Helena Philot,2022-11-19,(+57) 320 432 05 158,14th Floor,201553367420986,diners-club-enroute,hphilot45@statcounter.com
Melessa McCusker,2022-08-05,(+57) 320 432 05 159,PO Box 82346,3532916710035146,jcb,mmccusker46@google.ru
Lolly Sharrock,2022-05-14,(+57) 320 432 05 160,Apt 1364,30317624236636,diners-club-carte-blanche,lsharrock47@elpais.com
Carmina Paal,2022-05-10,(+57) 320 432 05 161,Room 1411,4405160881084185,visa-electron,cpaal48@sun.com
Lanni Amori,2022-06-24,(+57) 320 432 05 162,1st Floor,6.75948015066649E+017,maestro,lamori49@usgs.gov
Jaynell Lundon,2023-02-12,(+57) 320 432 05 163,Suite 95,3580603545020128,jcb,jlundon4a@oracle.com
Doug Armer,2022-09-04,(+57) 320 432 05 164,Suite 69,3543449188359704,jcb,darmer4b@shop-pro.jp
Elysha Andrieux,2022-12-03,(+57) 320 432 05 165,13th Floor,372864013645915,americanexpress,eandrieux4c@yolasite.com
Anselm Tomasi,2022-06-18,(+57) 320 432 05 166,15th Floor,5.60225256954041E+016,china-unionpay,atomasi4d@eventbrite.com
Noll Gascoyne,2022-05-29,(+57) 320 432 05 167,Suite 81,3567233746301981,jcb,ngascoyne4e@omniture.com
Berky Eyres,2022-09-10,(+57) 320 432 05 168,Room 287,3570000934635537,jcb,beyres4f@usa.gov
Roch Buston,2022-09-11,(+57) 320 432 05 169,16th Floor,3569829009675439,jcb,rbuston4g@comcast.net
Ynes Merchant,2022-05-20,(+57) 320 432 05 170,8th Floor,4041591069356,visa,ymerchant4h@google.com
Brier Gyves,2023-02-04,(+57) 320 432 05 171,PO Box 50052,6.04473811044572E+016,maestro,bgyves4i@clickbank.net
Elonore MacGilfoyle,2022-12-16,(+57) 320 432 05 172,11th Floor,3570689968793574,jcb,emacgilfoyle4j@aboutads.info
Milissent Maggs,2022-12-05,(+57) 320 432 05 173,Suite 34,5.60221051138741E+017,china-unionpay,mmaggs4k@earthlink.net
Cordell Macknish,2022-05-05,(+57) 320 432 05 174,Apt 519,3580821750010499,jcb,cmacknish4l@joomla.org
Ingeberg Weavers,2022-11-30,(+57) 320 432 05 175,Suite 94,3563840709490348,jcb,iweavers4m@google.pl
Danie Standbridge,2023-02-11,(+57) 320 432 05 176,PO Box 53540,5602210356548459,bankcard,dstandbridge4n@google.de
Jamima Treat,2023-01-20,(+57) 320 432 05 177,Room 655,3563263260048522,jcb,jtreat4o@booking.com
Lazaro McEvilly,2023-02-25,(+57) 320 432 05 178,Apt 1403,3586850283510430,jcb,lmcevilly4p@hp.com
Ross Parris,2022-08-30,(+57) 320 432 05 179,Apt 1349,3589212955141423,jcb,rparris4q@weather.com
Maurice Lynch,2023-02-02,(+57) 320 432 05 180,PO Box 98986,5.61073986986188E+016,china-unionpay,mlynch4r@skyrock.com
Job Baptie,2022-12-31,(+57) 320 432 05 181,Suite 91,5.64182943276572E+018,switch,jbaptie4s@usa.gov
Daniel Lindholm,2022-10-28,(+57) 320 432 05 182,Room 1403,6762192283575009,maestro,dlindholm4t@oaic.gov.au
Findley Lourens,2022-05-11,(+57) 320 432 05 183,11th Floor,4.91103812370976E+018,switch,flourens4u@senate.gov
Barby Silver,2023-01-03,(+57) 320 432 05 184,PO Box 52623,374622297545666,americanexpress,bsilver4v@google.co.jp
Nancey Harden,2022-10-08,(+57) 320 432 05 185,PO Box 61194,337941711331750,americanexpress,nharden4w@harvard.edu
Eleanore Elwyn,2023-03-22,(+57) 320 432 05 186,PO Box 53681,3539776315826395,jcb,eelwyn4x@wunderground.com
Gavan Purchon,2023-02-11,(+57) 320 432 05 187,Apt 587,5100178046862324,mastercard,gpurchon4y@netscape.com
Rory Dellit,2022-08-06,(+57) 320 432 05 188,11th Floor,3532655308179094,jcb,rdellit4z@cisco.com
Chico Rydings,2022-07-23,(+57) 320 432 05 189,Apt 1630,3571996496273410,jcb,crydings50@fotki.com
Enrika Lamboll,2022-11-22,(+57) 320 432 05 190,Apt 1483,3534440146493058,jcb,elamboll51@skype.com
Bobbye Whether,2022-07-23,(+57) 320 432 05 191,Room 1241,30431991875023,diners-club-carte-blanche,bwhether52@opensource.org
Archambault Prin,2023-03-21,(+57) 320 432 05 192,Room 553,5316977602455443,mastercard,aprin53@jugem.jp
Dreddy Alcorn,2023-04-13,(+57) 320 432 05 193,Suite 100,30570889886715,diners-club-carte-blanche,dalcorn54@mac.com
Viki Morsley,2022-09-14,(+57) 320 432 05 194,Room 267,4917478036055665,visa-electron,vmorsley55@slate.com
Cissy Teggin,2022-12-12,(+57) 320 432 05 195,19th Floor,5010120473681792,mastercard,cteggin56@sbwire.com
Sigismund Dannett,2023-03-24,(+57) 320 432 05 196,Apt 1524,3535319558122224,jcb,sdannett57@list-manage.com
Daniele Skittle,2022-10-21,(+57) 320 432 05 197,PO Box 87274,6399691437540588,instapayment,dskittle58@webeden.co.uk
Kenon Durtnall,2023-03-30,(+57) 320 432 05 198,Apt 1042,3547628313430938,jcb,kdurtnall59@zimbio.com
Tate Attwoul,2022-12-19,(+57) 320 432 05 199,Apt 556,3561540788881472,jcb,tattwoul5a@webnode.com
Myrtia Malcolm,2022-07-19,(+57) 320 432 05 200,16th Floor,30570838287270,diners-club-carte-blanche,mmalcolm5b@tiny.cc
Wenonah Whaley,2022-10-04,(+57) 320 432 05 201,Suite 2,6.04824469952817E+016,maestro,wwhaley5c@amazon.com
Alard Bowerbank,2023-03-18,(+57) 320 432 05 202,Apt 1785,201694632121056,diners-club-enroute,abowerbank5d@yahoo.com
Sascha Ceney,2022-09-14,(+57) 320 432 05 203,Room 703,3583921063481903,jcb,sceney5e@youtu.be
Morgen Gillespie,2022-06-18,(+57) 320 432 05 204,Suite 63,5373901946355218,mastercard,mgillespie5f@cdbaby.com
Finlay Hendriks,2023-03-26,(+57) 320 432 05 205,3rd Floor,6.33389950682172E+018,switch,fhendriks5g@disqus.com
Freemon Revely,2022-06-24,(+57) 320 432 05 206,PO Box 19204,6.76106494706771E+018,maestro,frevely5h@nba.com
Emily Maginot,2023-02-02,(+57) 320 432 05 207,Room 821,6.33110823421364E+018,switch,emaginot5i@smh.com.au
Haslett Tillot,2023-01-22,(+57) 320 432 05 208,Suite 47,3537284965110501,jcb,htillot5j@china.com.cn
Leigh Navein,2022-10-15,(+57) 320 432 05 209,Suite 26,3537988153751013,jcb,lnavein5k@zdnet.com
Edgardo Broddle,2023-04-01,(+57) 320 432 05 210,Suite 93,36552347570713,diners-club-international,ebroddle5l@va.gov
Godiva Ardron,2022-10-18,(+57) 320 432 05 211,PO Box 41991,3546634348992075,jcb,gardron5m@friendfeed.com
Joletta Colthurst,2023-01-18,(+57) 320 432 05 212,Apt 14,3547208655535154,jcb,jcolthurst5n@github.io
Elianore Danis,2022-12-09,(+57) 320 432 05 213,5th Floor,3565597157957339,jcb,edanis5o@printfriendly.com
Elliott McCandie,2023-02-10,(+57) 320 432 05 214,Room 55,5100141299271353,mastercard,emccandie5p@privacy.gov.au
Jacinda Fasler,2022-07-16,(+57) 320 432 05 215,PO Box 12113,5010127693553768,mastercard,jfasler5q@multiply.com
Aubrie Zupa,2022-07-11,(+57) 320 432 05 216,PO Box 50125,3583893830189343,jcb,azupa5r@hud.gov
Astra Sumnall,2023-02-24,(+57) 320 432 05 217,Suite 11,3575239741643772,jcb,asumnall5s@jigsy.com
Neel Engelmann,2023-02-08,(+57) 320 432 05 218,Apt 1286,3541594487171771,jcb,nengelmann5t@drupal.org
Kayla Readwing,2023-04-01,(+57) 320 432 05 219,Apt 146,201588984658675,diners-club-enroute,kreadwing5u@senate.gov
Gay Klessmann,2022-06-03,(+57) 320 432 05 220,Apt 318,6.33110155998786E+017,switch,gklessmann5v@github.io
Maurene Iggulden,2022-10-29,(+57) 320 432 05 221,12th Floor,5.01816257076432E+017,maestro,miggulden5w@independent.co.uk
Ulick Andreucci,2023-02-09,(+57) 320 432 05 222,Apt 556,3561859893036214,jcb,uandreucci5x@berkeley.edu
Wadsworth Haggerty,2022-09-15,(+57) 320 432 05 223,8th Floor,5540181305827598,diners-club-us-ca,whaggerty5y@ow.ly
Jule Footitt,2022-12-10,(+57) 320 432 05 224,Apt 1103,6331108769433325,switch,jfootitt5z@amazon.de
Malia Fortescue,2023-04-18,(+57) 320 432 05 225,Suite 59,201740313472035,diners-club-enroute,mfortescue60@dmoz.org
Odelinda Skeath,2022-06-06,(+57) 320 432 05 226,Apt 463,3530131074916921,jcb,oskeath61@artisteer.com
Karoline Mayzes,2022-08-02,(+57) 320 432 05 227,3rd Floor,6381278703619229,instapayment,kmayzes62@cpanel.net
Hew Dominik,2022-09-20,(+57) 320 432 05 228,Room 827,6.709934011917E+017,laser,hdominik63@4shared.com
Layney Turley,2023-03-17,(+57) 320 432 05 229,5th Floor,3570510352942124,jcb,lturley64@linkedin.com
Darya Collison,2022-04-27,(+57) 320 432 05 230,Suite 65,3582222487465759,jcb,dcollison65@ucla.edu
Mallory Van Halle,2022-06-01,(+57) 320 432 05 231,Apt 1030,3567720390246413,jcb,mvan66@free.fr
Frederik Ivory,2022-11-15,(+57) 320 432 05 232,Apt 1414,4903138581300496,switch,fivory67@angelfire.com
Evangelin Marrison,2022-11-30,(+57) 320 432 05 233,17th Floor,6709339923804028,laser,emarrison68@google.es
Garnet Habbeshaw,2023-01-26,(+57) 320 432 05 234,Suite 78,4175003636309887,visa-electron,ghabbeshaw69@yolasite.com
Maxie Dawidman,2022-07-25,(+57) 320 432 05 235,Room 1169,6759848802242521,switch,mdawidman6a@chronoengine.com
Marnia Ludvigsen,2023-01-31,(+57) 320 432 05 236,11th Floor,6.33110308153836E+018,switch,mludvigsen6b@dedecms.com
Byrann Kauffman,2023-03-15,(+57) 320 432 05 237,Room 575,6390096885202880,instapayment,bkauffman6c@addthis.com
Willy Showt,2022-05-04,(+57) 320 432 05 238,Room 1992,3532891530029597,jcb,wshowt6d@sakura.ne.jp
Pansie Burris,2022-12-24,(+57) 320 432 05 239,Room 314,6.77122013243599E+018,laser,pburris6e@senate.gov
Raynor O'Fihily,2022-11-03,(+57) 320 432 05 240,PO Box 31977,3584800357336255,jcb,rofihily6f@shutterfly.com
Rock Dunn,2022-09-01,(+57) 320 432 05 241,Suite 20,3556781555940730,jcb,rdunn6g@hexun.com
Karalee Giffkins,2022-09-29,(+57) 320 432 05 242,Apt 820,5375882219669238,mastercard,kgiffkins6h@smh.com.au
Gael Mallam,2022-12-05,(+57) 320 432 05 243,PO Box 16675,5.60222859169809E+016,china-unionpay,gmallam6i@cnet.com
Garner Boyett,2022-08-10,(+57) 320 432 05 244,15th Floor,3536761523396350,jcb,gboyett6j@xinhuanet.com
Angus Martindale,2022-07-18,(+57) 320 432 05 245,Apt 967,5.89308162431896E+018,maestro,amartindale6k@hatena.ne.jp
Katerine Miguel,2022-07-31,(+57) 320 432 05 246,8th Floor,30427455481571,diners-club-carte-blanche,kmiguel6l@sakura.ne.jp
Wanda Drabble,2023-04-14,(+57) 320 432 05 247,Room 760,3588866128291307,jcb,wdrabble6m@tmall.com
Markos Meys,2022-09-14,(+57) 320 432 05 248,16th Floor,5526433395353094,mastercard,mmeys6n@unc.edu
Aurelia Jakobsson,2022-09-25,(+57) 320 432 05 249,Suite 93,4041372411172139,visa,ajakobsson6o@elpais.com
Goraud Hearnaman,2022-05-10,(+57) 320 432 05 250,Apt 1443,6.33350672526832E+018,switch,ghearnaman6p@dell.com
Taddeo Schneider,2022-10-17,(+57) 320 432 05 251,Room 1851,4913082094647605,visa-electron,tschneider6q@4shared.com
Adamo Shimuk,2022-12-12,(+57) 320 432 05 252,13th Floor,3585563940772050,jcb,ashimuk6r@miibeian.gov.cn
Perkin Ballam,2022-06-25,(+57) 320 432 05 253,17th Floor,4917969078856788,visa-electron,pballam6s@ebay.co.uk
Nikita Simonin,2022-06-14,(+57) 320 432 05 254,Suite 4,3547432588114032,jcb,nsimonin6t@ehow.com
Bradley Trathen,2022-08-26,(+57) 320 432 05 255,PO Box 45302,4903271958138478,switch,btrathen6u@indiatimes.com
Kerr Woollin,2022-09-20,(+57) 320 432 05 256,Room 1366,4405895227445828,visa-electron,kwoollin6v@wunderground.com
Cicily Camier,2022-04-29,(+57) 320 432 05 257,PO Box 42854,6378717318901626,instapayment,ccamier6w@google.it
Armando Phinnis,2023-04-12,(+57) 320 432 05 258,1st Floor,6.70947902583215E+016,laser,aphinnis6x@wikimedia.org
Ninette Oriel,2022-04-29,(+57) 320 432 05 259,Apt 1455,6.75950314674954E+017,maestro,noriel6y@kickstarter.com
Ida Beaven,2022-09-24,(+57) 320 432 05 260,PO Box 19816,3573277681669029,jcb,ibeaven6z@hp.com
Leeland Haycroft,2022-06-27,(+57) 320 432 05 261,Apt 1475,337941121992217,americanexpress,lhaycroft70@icio.us
Miof mela Durrand,2022-05-25,(+57) 320 432 05 262,PO Box 8109,30393852627846,diners-club-carte-blanche,mmela71@webnode.com
Corine Paulton,2022-11-08,(+57) 320 432 05 263,PO Box 8420,3572678615309296,jcb,cpaulton72@soundcloud.com
Dame Dennerley,2022-06-25,(+57) 320 432 05 264,Apt 1479,3537353028077195,jcb,ddennerley73@csmonitor.com
Indira Villiers,2022-11-23,(+57) 320 432 05 265,Room 1278,36603149104126,diners-club-international,ivilliers74@whitehouse.gov
Rancell Glyde,2022-12-23,(+57) 320 432 05 266,PO Box 19951,3561458044370125,jcb,rglyde75@cornell.edu
Micah Darragon,2022-05-22,(+57) 320 432 05 267,PO Box 16477,3539978658048534,jcb,mdarragon76@sfgate.com
Taite Elliott,2023-01-16,(+57) 320 432 05 268,Room 1139,4026546576665891,visa-electron,telliott77@wikipedia.org
Alejoa Dayton,2022-06-28,(+57) 320 432 05 269,Suite 93,5.6022365085481E+018,china-unionpay,adayton78@mac.com
Spence Goundrill,2022-07-14,(+57) 320 432 05 270,Suite 97,3582461081687257,jcb,sgoundrill79@nih.gov
Diane-marie Nail,2022-12-10,(+57) 320 432 05 271,PO Box 9498,30327821853976,diners-club-carte-blanche,dnail7a@tmall.com
Debee Tourle,2022-06-15,(+57) 320 432 05 272,20th Floor,3529900007795641,jcb,dtourle7b@unblog.fr
Peirce Arch,2022-09-21,(+57) 320 432 05 273,Suite 77,6771228961923423,laser,parch7c@freewebs.com
Vale Gepheart,2022-08-10,(+57) 320 432 05 274,Apt 1591,5100148825669521,mastercard,vgepheart7d@ft.com
Jakie Emanuele,2023-03-21,(+57) 320 432 05 275,Suite 41,30168818272469,diners-club-carte-blanche,jemanuele7e@alibaba.com
Alisun Du Hamel,2022-04-24,(+57) 320 432 05 276,Room 417,3548329395543586,jcb,adu7f@sina.com.cn
Madalena Kevis,2023-03-24,(+57) 320 432 05 277,Room 646,30517965871418,diners-club-carte-blanche,mkevis7g@aboutads.info
Dew Belcher,2023-03-27,(+57) 320 432 05 278,PO Box 46285,3581773917346192,jcb,dbelcher7h@i2i.jp
Buddie Lipmann,2022-09-22,(+57) 320 432 05 279,Room 314,4844786908857895,visa-electron,blipmann7i@netlog.com
Kathie Totman,2022-10-09,(+57) 320 432 05 280,Apt 1495,6391920396359815,instapayment,ktotman7j@timesonline.co.uk
Hestia Gietz,2022-12-22,(+57) 320 432 05 281,Apt 844,5180001080743296,mastercard,hgietz7k@digg.com
Beauregard McCullock,2023-01-24,(+57) 320 432 05 282,Apt 234,6.77189146773375E+016,laser,bmccullock7l@opensource.org
Del Hanna,2022-05-11,(+57) 320 432 05 283,15th Floor,6371382446655789,instapayment,dhanna7m@technorati.com
Tory Korneichuk,2023-01-05,(+57) 320 432 05 284,Apt 92,3574936870163479,jcb,tkorneichuk7n@slashdot.org
Lenore McCardle,2023-01-11,(+57) 320 432 05 285,Room 692,3551940486260262,jcb,lmccardle7o@theatlantic.com
Juieta Epdell,2023-02-14,(+57) 320 432 05 286,Apt 1252,3566415232942003,jcb,jepdell7p@freewebs.com
Desdemona Jarrad,2023-02-07,(+57) 320 432 05 287,Room 1951,3529951864633565,jcb,djarrad7q@sohu.com
Noreen Boobyer,2022-11-30,(+57) 320 432 05 288,Suite 14,3578051739245560,jcb,nboobyer7r@pcworld.com
Isidore Yoakley,2022-07-12,(+57) 320 432 05 289,Suite 60,4017951202019,visa,iyoakley7s@ft.com
Sauncho Sabben,2023-01-23,(+57) 320 432 05 290,PO Box 46155,3577877675737454,jcb,ssabben7t@ucoz.com
Irvine Richt,2022-07-03,(+57) 320 432 05 291,Apt 506,4175004435030930,visa-electron,iricht7u@paypal.com
Maureene Gyurko,2022-09-29,(+57) 320 432 05 292,16th Floor,4913532107992760,visa-electron,mgyurko7v@apache.org
Edithe Eddleston,2022-06-02,(+57) 320 432 05 293,PO Box 26092,3588733023277288,jcb,eeddleston7w@vinaora.com
Nappie Beeken,2022-06-07,(+57) 320 432 05 294,Apt 1796,4041376995916,visa,nbeeken7x@engadget.com
Dame Hillen,2022-08-31,(+57) 320 432 05 295,Suite 95,3557878396925042,jcb,dhillen7y@edublogs.org
Janey Fergusson,2023-01-12,(+57) 320 432 05 296,Suite 85,3559944392084297,jcb,jfergusson7z@delicious.com
Ephrayim Creeghan,2022-06-20,(+57) 320 432 05 297,Room 892,4508440818753847,visa-electron,ecreeghan80@google.es
Joellyn Henfre,2022-11-07,(+57) 320 432 05 298,Suite 86,3575671125995586,jcb,jhenfre81@e-recht24.de
Laura Spofforth,2022-12-24,(+57) 320 432 05 299,Apt 1219,6.75993081100888E+017,maestro,lspofforth82@scientificamerican.com
Margarethe Skowcraft,2022-12-17,(+57) 320 432 05 300,Room 1186,6.70954797576443E+016,laser,mskowcraft83@ehow.com
Arlene Whatson,2022-05-30,(+57) 320 432 05 301,PO Box 78826,3536703653589586,jcb,awhatson84@biblegateway.com
Morena Smallsman,2023-02-06,(+57) 320 432 05 302,Suite 71,3583754932693378,jcb,msmallsman85@wired.com
Maurita Sexstone,2022-05-08,(+57) 320 432 05 303,Suite 77,5476327212001607,diners-club-us-ca,msexstone86@fema.gov
Nannette Daintree,2023-04-21,(+57) 320 432 05 304,PO Box 36353,3548183821716799,jcb,ndaintree87@hao123.com
Rubina Carlisso,2022-05-21,(+57) 320 432 05 305,PO Box 85449,6.75985536682143E+017,switch,rcarlisso88@nhs.uk
Lily Ayliffe,2022-07-08,(+57) 320 432 05 306,Apt 875,4175000357538280,visa-electron,layliffe89@sina.com.cn
Enoch Cane,2023-02-21,(+57) 320 432 05 307,Apt 237,4913033239559353,visa-electron,ecane8a@state.tx.us
Adelbert Dillway,2022-04-30,(+57) 320 432 05 308,PO Box 24286,6334798539980162,solo,adillway8b@multiply.com
Valeria Harradence,2022-08-13,(+57) 320 432 05 309,Room 1195,5048379081560535,mastercard,vharradence8c@tumblr.com
Ulrica Ferronel,2022-06-09,(+57) 320 432 05 310,Suite 90,3570000924116514,jcb,uferronel8d@wired.com
Nola Itzchaki,2022-06-02,(+57) 320 432 05 311,Suite 64,6388131991706484,instapayment,nitzchaki8e@amazon.co.uk
Cathyleen Dalla,2022-05-15,(+57) 320 432 05 312,Suite 6,3529293600867029,jcb,cdalla8f@csmonitor.com
Celka Fillan,2023-03-12,(+57) 320 432 05 313,17th Floor,6378652300046132,instapayment,cfillan8g@shop-pro.jp
Tove Ducroe,2023-04-09,(+57) 320 432 05 314,Room 80,30373124193389,diners-club-carte-blanche,tducroe8h@princeton.edu
Leland Le Grand,2023-03-22,(+57) 320 432 05 315,Suite 5,5.64182536635032E+018,switch,lle8i@redcross.org
Zoe Whardley,2022-05-05,(+57) 320 432 05 316,Suite 18,3563081924960795,jcb,zwhardley8j@amazon.com
Zuzana Kynaston,2023-01-22,(+57) 320 432 05 317,Room 981,4.91145435747882E+018,switch,zkynaston8k@hp.com
Golda Perrat,2023-04-15,(+57) 320 432 05 318,16th Floor,5511546766633229,mastercard,gperrat8l@apple.com
Brittany McTrustey,2023-02-08,(+57) 320 432 05 319,Suite 92,4405120023480840,visa-electron,bmctrustey8m@marketwatch.com
Joe Castaneda,2022-07-31,(+57) 320 432 05 320,Apt 81,5.61085722354058E+017,china-unionpay,jcastaneda8n@msn.com
Hersh Graddon,2022-08-03,(+57) 320 432 05 321,PO Box 16395,201537152455497,diners-club-enroute,hgraddon8o@forbes.com
Stephan Sirman,2022-10-26,(+57) 320 432 05 322,PO Box 46521,4.90360314191782E+017,switch,ssirman8p@biblegateway.com
Freda Opfer,2022-07-14,(+57) 320 432 05 323,PO Box 94221,4405685300641355,visa-electron,fopfer8q@biglobe.ne.jp
Hulda Showt,2022-12-10,(+57) 320 432 05 324,Suite 66,4917680993574527,visa-electron,hshowt8r@unesco.org
Emily Potter,2023-01-01,(+57) 320 432 05 325,PO Box 46854,3555344757254615,jcb,epotter8s@360.cn
Berni Gleadhell,2022-07-09,(+57) 320 432 05 326,Apt 1192,3558862357438715,jcb,bgleadhell8t@noaa.gov
Elvera Haacker,2023-03-31,(+57) 320 432 05 327,16th Floor,3556701896632556,jcb,ehaacker8u@berkeley.edu
Rozalie De Brett,2022-05-13,(+57) 320 432 05 328,Suite 18,3546108138029539,jcb,rde8v@craigslist.org
Concordia Stannis,2023-04-13,(+57) 320 432 05 329,5th Floor,6709924418385532,laser,cstannis8w@springer.com
Walton Portress,2022-12-26,(+57) 320 432 05 330,Room 1196,5523472525884886,mastercard,wportress8x@youtu.be
Dotti Roof,2022-10-06,(+57) 320 432 05 331,Suite 56,4405514520645816,visa-electron,droof8y@csmonitor.com
Cornelia Yeliashev,2022-07-15,(+57) 320 432 05 332,Suite 14,6.70624345540384E+016,laser,cyeliashev8z@usa.gov
Deva Pawlata,2023-03-15,(+57) 320 432 05 333,Apt 1866,5440823041906241,mastercard,dpawlata90@stumbleupon.com
Fraser Dormer,2023-03-02,(+57) 320 432 05 334,PO Box 38434,5602257236498835,bankcard,fdormer91@go.com
Leeanne Dilkes,2022-11-16,(+57) 320 432 05 335,6th Floor,5438942713979098,mastercard,ldilkes92@soundcloud.com
Toni Mathiot,2023-01-13,(+57) 320 432 05 336,PO Box 86177,6.7673531292369E+018,solo,tmathiot93@ftc.gov
Izzy Fairlie,2023-03-05,(+57) 320 432 05 337,20th Floor,6.76713057512159E+018,solo,ifairlie94@hp.com
Broddie Pauli,2022-05-27,(+57) 320 432 05 338,PO Box 24675,6771325181406674,laser,bpauli95@usatoday.com
Zedekiah Cornbill,2022-07-27,(+57) 320 432 05 339,PO Box 61536,3563756929747897,jcb,zcornbill96@pcworld.com
Shirlee Huddleston,2023-01-31,(+57) 320 432 05 340,9th Floor,3529781501695283,jcb,shuddleston97@dagondesign.com
Lynne Woolland,2022-06-09,(+57) 320 432 05 341,Suite 5,3586145278278550,jcb,lwoolland98@1688.com
Tom Friberg,2023-04-02,(+57) 320 432 05 342,PO Box 51058,5602257446772003,bankcard,tfriberg99@vkontakte.ru
Minna Streets,2022-09-26,(+57) 320 432 05 343,PO Box 61767,6.30446577482696E+018,maestro,mstreets9a@ustream.tv
Brittaney Rapport,2022-12-11,(+57) 320 432 05 344,Room 617,3551146650291717,jcb,brapport9b@free.fr
Deck Mahady,2022-09-09,(+57) 320 432 05 345,Suite 38,6.33110626736007E+017,switch,dmahady9c@ed.gov
Livvie Dobrowolny,2022-12-09,(+57) 320 432 05 346,7th Floor,3558020880020670,jcb,ldobrowolny9d@comsenz.com
Hirsch MacGarvey,2023-04-17,(+57) 320 432 05 347,Suite 21,3534419299317249,jcb,hmacgarvey9e@zimbio.com
Aldous Ellard,2023-02-25,(+57) 320 432 05 348,Room 628,3554782269064918,jcb,aellard9f@paginegialle.it
Maurise Rime,2022-11-08,(+57) 320 432 05 349,Room 1785,346521503223362,americanexpress,mrime9g@jigsy.com
Jania Confait,2022-06-03,(+57) 320 432 05 350,Apt 71,3567100433550180,jcb,jconfait9h@nba.com
Honoria MacGibbon,2023-01-21,(+57) 320 432 05 351,Room 608,3543709653236350,jcb,hmacgibbon9i@elpais.com
Etienne Hyde,2022-09-14,(+57) 320 432 05 352,Apt 970,6390075978804190,instapayment,ehyde9j@theatlantic.com
Wayne Dresser,2022-07-03,(+57) 320 432 05 353,Suite 58,5610043506512434,bankcard,wdresser9k@usgs.gov
Pietro Borrell,2022-10-17,(+57) 320 432 05 354,19th Floor,201943617868888,diners-club-enroute,pborrell9l@amazon.co.uk
Asa Karpman,2022-05-24,(+57) 320 432 05 355,Suite 25,3533313077756382,jcb,akarpman9m@prnewswire.com
Jaquenetta Aspinal,2022-05-03,(+57) 320 432 05 356,Room 1641,3542341924039677,jcb,jaspinal9n@sciencedirect.com
Consalve Legat,2022-10-10,(+57) 320 432 05 357,Apt 879,201806298155935,diners-club-enroute,clegat9o@liveinternet.ru
Iorgo Fearn,2022-08-28,(+57) 320 432 05 358,Apt 1431,6044083709189840,maestro,ifearn9p@illinois.edu
Artair Piet,2022-06-15,(+57) 320 432 05 359,Room 1297,3575314369457043,jcb,apiet9q@miitbeian.gov.cn
Dale Gini,2022-09-05,(+57) 320 432 05 360,Apt 868,3537163279579124,jcb,dgini9r@naver.com
Megan Scad,2022-10-19,(+57) 320 432 05 361,Apt 1276,3587884080661228,jcb,mscad9s@freewebs.com
Sophia Yantsev,2022-07-07,(+57) 320 432 05 362,PO Box 91919,5602251441738119,bankcard,syantsev9t@technorati.com
Opaline MacNab,2022-07-22,(+57) 320 432 05 363,Room 1492,5010125708778818,mastercard,omacnab9u@freewebs.com
Duky Mordie,2023-02-13,(+57) 320 432 05 364,Suite 11,4175006320334459,visa-electron,dmordie9v@topsy.com
Malchy Esposita,2022-08-27,(+57) 320 432 05 365,Room 1493,5100146357680528,mastercard,mesposita9w@about.com
Harman Browne,2023-01-21,(+57) 320 432 05 366,PO Box 81525,3584617102569083,jcb,hbrowne9x@booking.com
Eleanore Sarge,2022-04-28,(+57) 320 432 05 367,Room 622,3573527237107621,jcb,esarge9y@unicef.org
Locke Jilliss,2022-11-03,(+57) 320 432 05 368,2nd Floor,6706940216842147,laser,ljilliss9z@oracle.com
Gerard Gentle,2022-10-27,(+57) 320 432 05 369,PO Box 59014,3580475598806889,jcb,ggentlea0@simplemachines.org
Claudianus Guillotin,2022-07-15,(+57) 320 432 05 370,1st Floor,3541869655377529,jcb,cguillotina1@zimbio.com
Corrie Roycraft,2022-07-03,(+57) 320 432 05 371,Suite 42,3535197505074478,jcb,croycrafta2@businessweek.com
Bonita Creus,2022-10-04,(+57) 320 432 05 372,PO Box 3063,5.6418219880893E+018,switch,bcreusa3@wufoo.com
Cherlyn Spencelayh,2022-09-22,(+57) 320 432 05 373,12th Floor,374288286024988,americanexpress,cspencelayha4@ow.ly
Sampson Castells,2023-01-27,(+57) 320 432 05 374,Apt 439,3571327621067396,jcb,scastellsa5@accuweather.com
Charyl Woolen,2023-04-14,(+57) 320 432 05 375,PO Box 12036,3560327398720402,jcb,cwoolena6@bluehost.com
Elysee Burges,2023-03-21,(+57) 320 432 05 376,Suite 17,5108756311538950,mastercard,eburgesa7@marriott.com
Kirbie Vauter,2022-10-16,(+57) 320 432 05 377,Room 1596,5100147949730243,mastercard,kvautera8@dmoz.org
Noll Brickett,2022-11-03,(+57) 320 432 05 378,Room 132,3555698157357934,jcb,nbricketta9@shop-pro.jp
Maurits Simms,2023-03-15,(+57) 320 432 05 379,Room 1372,30300188718322,diners-club-carte-blanche,msimmsaa@msu.edu
Rosalie Morrill,2023-02-27,(+57) 320 432 05 380,PO Box 13024,3585394660363494,jcb,rmorrillab@com.com
Humberto Mc Carrick,2023-03-19,(+57) 320 432 05 381,Suite 78,5602239543664317,bankcard,hmcac@smugmug.com
Dee Muncey,2023-02-21,(+57) 320 432 05 382,PO Box 82935,3554243991182460,jcb,dmunceyad@wiley.com
Catarina Matthewes,2022-08-10,(+57) 320 432 05 383,16th Floor,3531698404104658,jcb,cmatthewesae@netvibes.com
Gerda Obin,2023-01-11,(+57) 320 432 05 384,PO Box 32324,4041378240733439,visa,gobinaf@pinterest.com
Rozalie Laingmaid,2023-01-28,(+57) 320 432 05 385,Apt 784,4026871473172936,visa-electron,rlaingmaidag@rakuten.co.jp
Trumann Robertazzi,2022-05-29,(+57) 320 432 05 386,Room 589,201401194881600,diners-club-enroute,trobertazziah@amazonaws.com
Ros Gotthard,2022-09-13,(+57) 320 432 05 387,Room 905,5.60224619037872E+016,china-unionpay,rgotthardai@alexa.com
Frances Schellig,2022-12-03,(+57) 320 432 05 388,PO Box 54820,3571196377333058,jcb,fschelligaj@macromedia.com
Stanford Burnhill,2022-11-08,(+57) 320 432 05 389,15th Floor,5108751822883961,mastercard,sburnhillak@apple.com
Jonie Oddey,2022-06-18,(+57) 320 432 05 390,PO Box 7958,3549363220857704,jcb,joddeyal@cnbc.com
Jeramie Axworthy,2022-10-13,(+57) 320 432 05 391,Apt 461,6709899659278663,laser,jaxworthyam@google.fr
Humberto Knevit,2023-02-17,(+57) 320 432 05 392,15th Floor,5100174060509446,mastercard,hknevitan@dyndns.org
Alfredo Ockenden,2022-06-28,(+57) 320 432 05 393,PO Box 47698,3574103641616299,jcb,aockendenao@amazon.co.jp
Jennee Domeney,2022-08-18,(+57) 320 432 05 394,PO Box 6384,30045755049425,diners-club-carte-blanche,jdomeneyap@earthlink.net
Kathie MacDunleavy,2023-01-21,(+57) 320 432 05 395,17th Floor,3550011824986355,jcb,kmacdunleavyaq@joomla.org
Charin Apthorpe,2022-08-09,(+57) 320 432 05 396,Apt 1474,5010124485278563,mastercard,capthorpear@eepurl.com
Jo ann Mathieu,2022-05-08,(+57) 320 432 05 397,Room 1600,6.76358858451561E+018,maestro,jannas@dailymotion.com
Carleen Baldi,2023-01-09,(+57) 320 432 05 398,Room 1004,5525601463239384,mastercard,cbaldiat@i2i.jp
Jaquith Caldes,2023-02-12,(+57) 320 432 05 399,20th Floor,4175008218217770,visa-electron,jcaldesau@utexas.edu
Justin Grigoliis,2022-12-02,(+57) 320 432 05 400,PO Box 73652,3555400751638912,jcb,jgrigoliisav@stanford.edu
Ansley Fallon,2022-11-24,(+57) 320 432 05 401,Apt 136,4405929757182095,visa-electron,afallonaw@ihg.com
Farrell Whiteson,2022-08-15,(+57) 320 432 05 402,11th Floor,3529842043473231,jcb,fwhitesonax@livejournal.com
Marion Oxbrow,2022-11-12,(+57) 320 432 05 403,Suite 41,3580706611523402,jcb,moxbroway@sitemeter.com
Leigha Bunting,2022-06-28,(+57) 320 432 05 404,Room 559,6384068622904324,instapayment,lbuntingaz@bandcamp.com
Natala Toe,2022-12-15,(+57) 320 432 05 405,3rd Floor,372301290323445,americanexpress,ntoeb0@spiegel.de
Gus Wiles,2023-02-28,(+57) 320 432 05 406,13th Floor,5100145485857941,mastercard,gwilesb1@cnet.com
Tallia Weed,2022-06-29,(+57) 320 432 05 407,Room 864,3528080950385269,jcb,tweedb2@mozilla.org
Michel MacCawley,2022-08-09,(+57) 320 432 05 408,Suite 72,201419018863885,diners-club-enroute,mmaccawleyb3@wikipedia.org
Juieta Danbi,2022-10-16,(+57) 320 432 05 409,Apt 1813,5100145236775509,mastercard,jdanbib4@wunderground.com
Marketa Pembry,2023-02-04,(+57) 320 432 05 410,1st Floor,6.76245130028459E+018,maestro,mpembryb5@tripadvisor.com
Wini Divall,2022-12-19,(+57) 320 432 05 411,Suite 100,6.70684972966212E+016,laser,wdivallb6@bloglovin.com
Timotheus Chasen,2022-12-22,(+57) 320 432 05 412,PO Box 54544,374622265925320,americanexpress,tchasenb7@netlog.com
Ellerey Letch,2022-08-06,(+57) 320 432 05 413,PO Box 92005,5205226452581617,mastercard,eletchb8@vinaora.com
Gusty Budnk,2022-10-01,(+57) 320 432 05 414,PO Box 83950,3581523500039294,jcb,gbudnkb9@ca.gov
Avigdor Ogden,2023-02-02,(+57) 320 432 05 415,5th Floor,3552175519089615,jcb,aogdenba@scribd.com
Bernelle Widdop,2023-02-07,(+57) 320 432 05 416,Apt 1344,5582783376939662,diners-club-us-ca,bwiddopbb@blogspot.com
Giustino Jerzyk,2023-04-08,(+57) 320 432 05 417,Room 272,6.3042662159906E+016,maestro,gjerzykbc@live.com
Isahella Blaxley,2022-09-07,(+57) 320 432 05 418,Suite 75,6.76282915819313E+016,maestro,iblaxleybd@sphinn.com
Danny Ingyon,2022-09-24,(+57) 320 432 05 419,Suite 70,5347252655533329,mastercard,dingyonbe@php.net
Sarajane Dabourne,2022-09-09,(+57) 320 432 05 420,Apt 747,201830763411300,diners-club-enroute,sdabournebf@hostgator.com
Cari Cockson,2022-08-01,(+57) 320 432 05 421,PO Box 42137,3552713279076644,jcb,ccocksonbg@dion.ne.jp
Brianna Spondley,2022-06-12,(+57) 320 432 05 422,PO Box 17319,3572013536553220,jcb,bspondleybh@ucla.edu
Mela Kembrey,2023-01-03,(+57) 320 432 05 423,Apt 323,374288462947911,americanexpress,mkembreybi@constantcontact.com
Claudina Graine,2023-01-16,(+57) 320 432 05 424,Apt 1194,4905483852075163,switch,cgrainebj@list-manage.com
Madeline Dyment,2022-12-22,(+57) 320 432 05 425,12th Floor,3563330181839105,jcb,mdymentbk@phpbb.com
Friedrick Stutte,2023-01-28,(+57) 320 432 05 426,17th Floor,201722060025257,diners-club-enroute,fstuttebl@nhs.uk
Nicholas Matuskiewicz,2022-11-05,(+57) 320 432 05 427,Apt 8,5.60224663059996E+018,china-unionpay,nmatuskiewiczbm@histats.com
Catlaina Delwater,2022-05-31,(+57) 320 432 05 428,Suite 60,6333804256378381,switch,cdelwaterbn@va.gov
Brewer Piwall,2022-08-20,(+57) 320 432 05 429,Apt 57,5.60223340760915E+017,china-unionpay,bpiwallbo@mtv.com
Conrado Jakubczyk,2022-09-06,(+57) 320 432 05 430,19th Floor,3550697284600112,jcb,cjakubczykbp@jimdo.com
Edna Hansberry,2022-11-01,(+57) 320 432 05 431,Apt 859,5.64182007034262E+018,switch,ehansberrybq@cyberchimps.com
Chantal Ruggles,2022-07-17,(+57) 320 432 05 432,Apt 1855,4917154093522281,visa-electron,crugglesbr@princeton.edu
Mella Burnes,2022-07-20,(+57) 320 432 05 433,Apt 688,5602224071990201,bankcard,mburnesbs@google.cn
Dannie Odhams,2022-07-11,(+57) 320 432 05 434,7th Floor,4405233816695522,visa-electron,dodhamsbt@statcounter.com
Haley Hargie,2022-11-25,(+57) 320 432 05 435,2nd Floor,3571645487224151,jcb,hhargiebu@hc360.com
Isiahi Housecraft,2023-04-13,(+57) 320 432 05 436,PO Box 65376,377202619565374,americanexpress,ihousecraftbv@sphinn.com
Caz Kinder,2023-04-20,(+57) 320 432 05 437,Suite 43,5100175225927969,mastercard,ckinderbw@cbc.ca
Gay Bolte,2022-06-11,(+57) 320 432 05 438,Room 1571,4041599364917785,visa,gboltebx@last.fm
Keane Siemianowicz,2023-03-20,(+57) 320 432 05 439,Suite 34,4.93690920980929E+018,switch,ksiemianowiczby@cornell.edu
Otes Guess,2022-06-04,(+57) 320 432 05 440,Room 1987,6.75972832141399E+017,maestro,oguessbz@upenn.edu
Pattin Nairy,2023-02-23,(+57) 320 432 05 441,Suite 15,5641825118978315,switch,pnairyc0@bandcamp.com
Parry Beavan,2022-08-13,(+57) 320 432 05 442,PO Box 49321,5.03898060095234E+018,maestro,pbeavanc1@home.pl
Garvin Antunes,2023-01-29,(+57) 320 432 05 443,Suite 93,3555328449930179,jcb,gantunesc2@blogtalkradio.com
Delcina Hallatt,2022-09-22,(+57) 320 432 05 444,11th Floor,6.75994694064363E+018,switch,dhallattc3@de.vu
Jaquith Allner,2022-07-11,(+57) 320 432 05 445,Apt 1199,5.60225128027696E+017,china-unionpay,jallnerc4@istockphoto.com
Rana Blazewicz,2022-12-02,(+57) 320 432 05 446,Apt 1554,5100176507579478,mastercard,rblazewiczc5@reddit.com
Dennet Isacq,2023-03-31,(+57) 320 432 05 447,Suite 68,3576725070739982,jcb,disacqc6@businessweek.com
Shirline Dimelow,2022-08-28,(+57) 320 432 05 448,Suite 46,3576133722021794,jcb,sdimelowc7@wunderground.com
Nessie Kerkham,2022-04-24,(+57) 320 432 05 449,Room 850,3562015859720890,jcb,nkerkhamc8@addtoany.com
Pebrook Trebilcock,2023-01-18,(+57) 320 432 05 450,19th Floor,201522420908816,diners-club-enroute,ptrebilcockc9@samsung.com
Nolly Killiner,2023-03-04,(+57) 320 432 05 451,PO Box 19698,3568268827685877,jcb,nkillinerca@earthlink.net
Husein Beert,2022-07-13,(+57) 320 432 05 452,PO Box 82092,6.76164390289989E+018,maestro,hbeertcb@sbwire.com
Claiborn Premble,2022-10-22,(+57) 320 432 05 453,Room 238,3533127008849730,jcb,cpremblecc@theguardian.com
Nada Hickisson,2022-04-22,(+57) 320 432 05 454,Apt 1954,374283465829224,americanexpress,nhickissoncd@house.gov
Hubie Foux,2022-07-26,(+57) 320 432 05 455,PO Box 21921,201746087672080,diners-club-enroute,hfouxce@unesco.org
Patience Gaddesby,2022-12-16,(+57) 320 432 05 456,Room 1817,4844179404329363,visa-electron,pgaddesbycf@myspace.com
Mirna Hudd,2022-07-16,(+57) 320 432 05 457,Suite 3,3557992651111584,jcb,mhuddcg@mayoclinic.com
Brockie Atyea,2022-10-07,(+57) 320 432 05 458,Suite 43,3579793097123447,jcb,batyeach@hubpages.com
Antonin Dorsett,2022-08-19,(+57) 320 432 05 459,Apt 190,4903343685235024,switch,adorsettci@marketwatch.com
Malvina McIntee,2022-09-02,(+57) 320 432 05 460,PO Box 8327,4844392966923537,visa-electron,mmcinteecj@shop-pro.jp
Corilla Dumbreck,2022-09-08,(+57) 320 432 05 461,Apt 798,3544745405945335,jcb,cdumbreckck@vistaprint.com
Carina Jan,2022-11-17,(+57) 320 432 05 462,PO Box 62764,3586737633002087,jcb,cjancl@ted.com
Joshua Foston,2022-07-22,(+57) 320 432 05 463,Room 1290,3533754741471363,jcb,jfostoncm@phoca.cz
Kellia Kobiela,2022-09-20,(+57) 320 432 05 464,Room 557,3586427210408424,jcb,kkobielacn@ask.com
Jolee Castangia,2022-11-13,(+57) 320 432 05 465,Suite 83,3572397011342450,jcb,jcastangiaco@army.mil
Woodie Abramof,2023-03-12,(+57) 320 432 05 466,Apt 936,374283525768370,americanexpress,wabramofcp@zimbio.com
Caryl Rigolle,2022-12-27,(+57) 320 432 05 467,Suite 27,4478939538506803,visa,crigollecq@squidoo.com
Michelina Frunks,2022-06-18,(+57) 320 432 05 468,14th Floor,347737974286972,americanexpress,mfrunkscr@storify.com
Giovanni O'Sesnane,2022-07-11,(+57) 320 432 05 469,Room 531,3531905978949461,jcb,gosesnanecs@nsw.gov.au
Skell Griffith,2023-02-04,(+57) 320 432 05 470,Suite 92,3553756407063520,jcb,sgriffithct@canalblog.com
Jacinta Dalman,2022-05-09,(+57) 320 432 05 471,6th Floor,3544442914390332,jcb,jdalmancu@hhs.gov
Kial Duffitt,2023-01-21,(+57) 320 432 05 472,20th Floor,3541356587309416,jcb,kduffittcv@imdb.com
Eldon Snarie,2023-02-27,(+57) 320 432 05 473,Room 348,5.61074246253221E+017,china-unionpay,esnariecw@altervista.org
Felicity Caville,2022-09-04,(+57) 320 432 05 474,Apt 736,3540703514486182,jcb,fcavillecx@shinystat.com
Beniamino Lugard,2022-12-09,(+57) 320 432 05 475,Apt 831,5108751529008946,mastercard,blugardcy@ftc.gov
Maddie Pringley,2022-06-09,(+57) 320 432 05 476,Room 178,5.02046885357264E+018,maestro,mpringleycz@rambler.ru
Blanca Waulker,2023-03-31,(+57) 320 432 05 477,Room 1934,3554681244638079,jcb,bwaulkerd0@yahoo.co.jp
Zerk Eustanch,2022-10-07,(+57) 320 432 05 478,Suite 84,4242831814086,visa,zeustanchd1@ed.gov
Carl Cuncliffe,2023-01-02,(+57) 320 432 05 479,Apt 515,3561776499853414,jcb,ccuncliffed2@hibu.com
Rip Bliben,2022-05-18,(+57) 320 432 05 480,20th Floor,4041598769788056,visa,rblibend3@go.com
Kizzie Shank,2022-08-02,(+57) 320 432 05 481,14th Floor,5172570681485374,mastercard,kshankd4@umn.edu
Junie Coudray,2022-06-18,(+57) 320 432 05 482,PO Box 87955,6.33466531679689E+018,solo,jcoudrayd5@tmall.com
Adrianne Fust,2022-06-14,(+57) 320 432 05 483,Room 229,3572246602189988,jcb,afustd6@blogtalkradio.com
Ardella Ferrie,2022-09-02,(+57) 320 432 05 484,3rd Floor,3544428997662382,jcb,aferried7@economist.com
Celle Hurley,2022-06-14,(+57) 320 432 05 485,17th Floor,3589688901402177,jcb,churleyd8@weibo.com
Verge Kebbell,2022-12-30,(+57) 320 432 05 486,4th Floor,3540233416438933,jcb,vkebbelld9@unesco.org
Cristian Houlridge,2023-03-20,(+57) 320 432 05 487,Room 955,6.33481953080648E+018,solo,choulridgeda@eventbrite.com
Spense Holdey,2022-12-29,(+57) 320 432 05 488,Suite 72,6379412914041394,instapayment,sholdeydb@google.com.hk
Adam Wescott,2022-04-30,(+57) 320 432 05 489,Apt 692,5602224149416353,bankcard,awescottdc@angelfire.com
Laurie Geeraert,2022-05-16,(+57) 320 432 05 490,Apt 1557,340911735177393,americanexpress,lgeeraertdd@kickstarter.com
Faina Morley,2022-05-24,(+57) 320 432 05 491,Apt 1270,4508562624480776,visa-electron,fmorleyde@china.com.cn
Allyce Della,2022-08-03,(+57) 320 432 05 492,3rd Floor,6763013945514252,maestro,adelladf@walmart.com
Terry Molder,2023-03-19,(+57) 320 432 05 493,Room 1806,5048375186784384,mastercard,tmolderdg@dot.gov
Maxie Stubbings,2022-12-26,(+57) 320 432 05 494,Suite 45,5430805314113664,mastercard,mstubbingsdh@imdb.com
Minny Summerlie,2023-03-24,(+57) 320 432 05 495,Suite 84,5602254625047927,china-unionpay,msummerliedi@posterous.com
Willi Bunstone,2022-10-25,(+57) 320 432 05 496,Apt 1123,3586528095944514,jcb,wbunstonedj@bizjournals.com
Nelia Lighton,2023-02-28,(+57) 320 432 05 497,2nd Floor,30223888556083,diners-club-carte-blanche,nlightondk@netvibes.com
Isis Webb,2022-05-21,(+57) 320 432 05 498,18th Floor,5893300562423460,maestro,iwebbdl@uol.com.br
Gibby Mapes,2022-05-16,(+57) 320 432 05 499,19th Floor,6.76294936434084E+018,maestro,gmapesdm@comcast.net
Donnajean Esland,2022-12-11,(+57) 320 432 05 500,Suite 98,3537165891851492,jcb,deslanddn@nymag.com
Thatch Jahncke,2022-05-10,(+57) 320 432 05 501,PO Box 18471,3576723635736346,jcb,tjahnckedo@fema.gov
Kathye Ecclestone,2022-10-12,(+57) 320 432 05 502,19th Floor,6373554289992879,instapayment,kecclestonedp@amazon.de
Randi Straker,2022-06-08,(+57) 320 432 05 503,Apt 1653,4175001961680872,visa-electron,rstrakerdq@dion.ne.jp
Hermie Curnok,2023-02-17,(+57) 320 432 05 504,PO Box 74331,4936497315764026,switch,hcurnokdr@pbs.org
Samaria Alenikov,2022-10-28,(+57) 320 432 05 505,12th Floor,5548465469535515,mastercard,salenikovds@marriott.com
Silvano Dewberry,2022-05-11,(+57) 320 432 05 506,PO Box 20332,3552439001530423,jcb,sdewberrydt@noaa.gov
Elyse Schorah,2023-03-18,(+57) 320 432 05 507,PO Box 30459,3540857153824135,jcb,eschorahdu@vimeo.com
Luca Pothecary,2022-08-10,(+57) 320 432 05 508,Room 329,5158897145784466,mastercard,lpothecarydv@mediafire.com
